박,범,계, ,",남,욱,이, ,5,0,0,억,원, ,동,결, ,해,제, ,요,청,?, ,말,도, ,안,되,는, ,소,리,"
국,힘, ,",李,,, ,내,란,몰,이, ,공,포,정,치,…,공,무,원, ,휴,대,폰,도, ,파,헤,쳐,"
예,결,위, ,예,산,소,위, ,시,작,…,7,2,8,조,원, ,내,년,도, ,예,산,안, ,세,부, ,심,사
국,힘,,, ,대,통,령,실, ,앞, ,',항,소,포,기,', ,규,탄,…,",국,정,조,사,·,특,검,으,로, ,진,상, ,규,명,"
이, ,대,통,령,,, ,G,2,0, ,참,석, ,1,7,일, ,출,국,…,7,박,1,0,일,간, ,4,개,국, ,순,방
[,단,독,], ,대,미,투,자, ,국,회,비,준, ,놓,고, ,논,란, ,확,산,.,.,',M,O,U, ,법,적,구,속,력, ,여,부,', ,관,건
정,청,래,,, ,김,어,준, ,설,립, ,딴,지,일,보,에, ,",민,심,의, ,척,도,이,자, ,바,로,미,터,"
국,힘, ,대,변,인, ,',장,애,인, ,비,하,', ,논,란,…,민,주, ,",저,급,한, ,민,낯, ,드,러,내,"
대,통,령,실, ,",주,한,미,군, ,지,원,비, ,3,3,0,억, ,달,러,,, ,새, ,부,담, ,비,용, ,없,다,"
[,속,보,], ,한,동,훈, ,“,박,범,계,,, ,아,무,말, ,대,잔,치, ,적,당,히,…,공,개,토,론, ,하,자,”
박,주,민, ,",',감,사,의, ,정,원,', ,광,화,문, ,세,종,대,왕, ,옆, ,받,들,어, ,총,?, ,전,쟁,기,념,관,도, ,있,는,데,.,.,.,”
',장,애,인, ,혐,오,발,언,',에, ,웃,음, ,터,트,린, ,국,힘, ,대,변,인
또, ,사,고, ,친, ,국,힘, ,대,변,인,.,.,., ,극,우, ,유,튜,브, ,나,가,서, ,장,애, ,혐,오, ,발,언
호,남, ,찾,은, ,조,국, ,",민,주,당, ,중,심, ,안,방,정,치, ,혁,신,…,',메,기,', ,되,겠,다,"
장,동,혁, ,“,휴,대,전,화, ,뒤,져, ,공,직,사,회, ,편, ,가,르,나,…,언,론,·,국,민, ,입,틀,막,”
[,뉴,스,나,우,], ,",기,절,초,풍,",·,",을,사,년,", ,관,세,협,상, ,결,정,적, ,순,간,은,?
꿈,쩍, ,않,던, ,러,트,닉, ,마,음, ,움,직,인, ,',반,전,의, ,순,간,', ,[,Y,녹,취,록,]
송,언,석, ,“,우,리, ,당,엔, ,윤,석,열, ,대,통,령, ,없,다,…,민,주,,, ,엮,으,려, ,악,의,적, ,선,동,”
미, ,해,군, ,참,모,총,장, ,“,한,국, ,핵,잠,,, ,중,국, ,억,제,에, ,활,용,될, ,거,로, ,기,대,”
이,번,엔, ,성,대, ,찾,은, ,김,민,석, ,총,리,,, ,학,생,들,과, ,미,역,국,·,제,육,볶,음, ,식,사
[,단,독,],국,힘,,, ,여,상,원, ,윤,리,위,원,장, ,교,체,…,새, ,위,원,장,이, ,친,한,계, ,정,리, ,수,순
민,주,당,,, ,국,힘, ,‘,팩,트,시,트, ,비,준,’, ,주,장,에, ,“,놀,부, ,심,보,”,,, ,“,실,익, ,없,어,,, ,바,보, ,인,증,”
당,정,,, ,‘,상,설,특,검,·,검,사,장, ,강,등,’, ,압,박,…, ,검,찰, ,손,발, ,쳐,내, ,‘,완,전, ,무,력,화,’
“,조,국,,, ,한,동,훈, ,다, ,판,결,문, ,안, ,읽,은, ,듯,”,…,전,직, ,法,장,관, ,3,인, ,대,장,동, ,설,전
",국,힘, ,비,례,대,표,에, ,',김,건,희, ,몫,', ,있,다,",.,.,.,이,철,규, ,',한,동,훈,·,장,동,혁, ,월,권,', ,발,언, ,관,심
조,갑,제, ,“,국,힘, ,한,동,훈,이,라,는, ,‘,구,명,정,’, ,하,나, ,갖,고, ,있,다,”
강,성,파, ,모,인, ,딴,지,일,보,에,…, ,정,청,래, ,“,민,심,의, ,바,로,미,터,”
브,런,슨, ,",뒤,집,힌, ,지,도, ,속, ,한,반,도,,, ,인,도,·,태,평,양, ,중,심,축,”,…,美,,, ,韓, ,지,위, ,재,정,의
대,장,동, ,‘,항,소,포,기,‘, ,공,방,…,與, ,검,사,징,계, ,강,공,,, ,野, ,대,통,령,실, ,앞, ,규,탄
이,준,석, ,“,별, ,네,개, ,‘,전,과,대,장,’, ,李,대,통,령,,, ,오,히,려, ,공,무,원, ,범,죄,자, ,취,급,”
주,한,미,군, ,사,령,관, ,“,한,반,도, ,전,력,은, ,미,국, ,방,어,선, ,내,부,에, ,위,치,한, ,전,력,”
뒤,집,힌, ,지,도,엔, ,‘,한,반,도,’,가, ,중,심,.,.,., ,주,한,미,군,사,령,관, ,“,중,·,러, ,모,두, ,견,제,”
",한,반,도,가, ,외,곽,?, ,이,걸, ,봐,라,",…,주,한,미,군,사,령,관, ,꺼,낸, ,',거,꾸,로, ,지,도,'
주,한,미,군,사,령,관, ,“,지,도, ,뒤,집,으,면, ,한,반,도,는, ,외,곽, ,아,닌, ,전,략,적, ,중,심,”
지,도, ,뒤,집,은, ,주,한,미,군,사,령,관,…,",한,반,도,는, ,외,곽, ,아,닌, ,전,략,적, ,중,심,"
브,런,슨, ,",동,아,시,아, ,지,도, ,뒤,집,으,면, ,韓,·,日,·,필,리,핀, ,협,력,틀, ,보,여,"
장,동,혁, ,",李,,, ,1,호,기, ,타,고, ,해,외,로, ,먹,튀,",…,송,언,석, ,",비,리, ,최,고, ,정,점,"
민,주,,, ,정,상,외,교, ,힘, ,싣,기,.,.,.,국,힘,,, ,',항,소, ,포,기,', ,총,공,세
',반,쪽,', ,오,세,훈, ,한,강,버,스,,, ,4,개, ,구,간, ,운,항, ,중,단,.,.,., ,",갈,수,기, ,못, ,겪,어,봐,서,"
국,힘, ,“,대,통,령, ,검,사, ,임,면,권,?, ,북,한,식, ,검,찰,…,검,사,장, ,강,등,으,로, ,사,건, ,주,범, ,자,인,”
이,재,명, ,대,통,령,,, ,글,로,벌,사,우,스, ,공,략, ,개,시,…, ,‘,A,I,·,방,산, ,외,교,전,’, ,재,계,도, ,총,출,동
정,청,래, ,",공,천,권, ,폐,습, ,끊,고, ,당,원, ,공,천, ,시,대, ,열, ,것,"
[,단,독,], ,李,대,통,령,,, ,손,정,의, ,만,난,다,…,A,I, ,대,규,모, ,투,자, ,논,의,할, ,듯
",눈, ,불,편, ,말,곤, ,기,득,권,", ,김,예,지, ,저,격,한, ,박,민,영,…,',장,애,인, ,비,하,', ,논,란, ,확,산
박,준,태,가, ,김,건,희, ,비,례, ,픽,?, ,",터,무,니,없,다,,, ,고,발, ,조,치,"
